3,1,14,0,3,"Config::Config@16-18@/app/project/src/main/java/org/dxworks/metrixppLizardWrapper/Config/Entity/Config.java","/app/project/src/main/java/org/dxworks/metrixppLizardWrapper/Config/Entity/Config.java","Config::Config","Config::Config()",16,18
5,1,49,1,5,"Config::getEnvStrings@20-24@/app/project/src/main/java/org/dxworks/metrixppLizardWrapper/Config/Entity/Config.java","/app/project/src/main/java/org/dxworks/metrixppLizardWrapper/Config/Entity/Config.java","Config::getEnvStrings","Config::getEnvStrings( @ NonNull List<ConfigPair> pairs)",20,24
6,2,40,0,8,"Config::getConfig@26-33@/app/project/src/main/java/org/dxworks/metrixppLizardWrapper/Config/Entity/Config.java","/app/project/src/main/java/org/dxworks/metrixppLizardWrapper/Config/Entity/Config.java","Config::getConfig","Config::getConfig()",26,33
6,2,29,0,8,"ConfigBody::getLizard@17-24@/app/project/src/main/java/org/dxworks/metrixppLizardWrapper/Config/Entity/ConfigBody.java","/app/project/src/main/java/org/dxworks/metrixppLizardWrapper/Config/Entity/ConfigBody.java","ConfigBody::getLizard","ConfigBody::getLizard()",17,24
6,2,29,0,8,"ConfigBody::getMetrixpp@26-33@/app/project/src/main/java/org/dxworks/metrixppLizardWrapper/Config/Entity/ConfigBody.java","/app/project/src/main/java/org/dxworks/metrixppLizardWrapper/Config/Entity/ConfigBody.java","ConfigBody::getMetrixpp","ConfigBody::getMetrixpp()",26,33
1,1,5,0,1,"ConfigReader::ConfigReader@15-15@/app/project/src/main/java/org/dxworks/metrixppLizardWrapper/Config/ConfigReader.java","/app/project/src/main/java/org/dxworks/metrixppLizardWrapper/Config/ConfigReader.java","ConfigReader::ConfigReader","ConfigReader::ConfigReader()",15,15
6,2,26,0,6,"ConfigReader::getInstance@17-22@/app/project/src/main/java/org/dxworks/metrixppLizardWrapper/Config/ConfigReader.java","/app/project/src/main/java/org/dxworks/metrixppLizardWrapper/Config/ConfigReader.java","ConfigReader::getInstance","ConfigReader::getInstance()",17,22
4,1,39,1,4,"ConfigReader::readConfigFile@24-27@/app/project/src/main/java/org/dxworks/metrixppLizardWrapper/Config/ConfigReader.java","/app/project/src/main/java/org/dxworks/metrixppLizardWrapper/Config/ConfigReader.java","ConfigReader::readConfigFile","ConfigReader::readConfigFile( @ NonNull File file)",24,27
1,1,5,0,1,"ConfigStorage::ConfigStorage@16-16@/app/project/src/main/java/org/dxworks/metrixppLizardWrapper/Config/ConfigStorage.java","/app/project/src/main/java/org/dxworks/metrixppLizardWrapper/Config/ConfigStorage.java","ConfigStorage::ConfigStorage","ConfigStorage::ConfigStorage()",16,16
15,4,91,0,15,"ConfigStorage::getInstance@18-32@/app/project/src/main/java/org/dxworks/metrixppLizardWrapper/Config/ConfigStorage.java","/app/project/src/main/java/org/dxworks/metrixppLizardWrapper/Config/ConfigStorage.java","ConfigStorage::getInstance","ConfigStorage::getInstance()",18,32
3,1,8,0,3,"ConfigStorage::getConfig@34-36@/app/project/src/main/java/org/dxworks/metrixppLizardWrapper/Config/ConfigStorage.java","/app/project/src/main/java/org/dxworks/metrixppLizardWrapper/Config/ConfigStorage.java","ConfigStorage::getConfig","ConfigStorage::getConfig()",34,36
6,2,26,0,6,"DockerLizardRunner::getInstance@22-27@/app/project/src/main/java/org/dxworks/metrixppLizardWrapper/DockerRunner/DockerLizardRunner.java","/app/project/src/main/java/org/dxworks/metrixppLizardWrapper/DockerRunner/DockerLizardRunner.java","DockerLizardRunner::getInstance","DockerLizardRunner::getInstance()",22,27
1,1,5,0,1,"DockerLizardRunner::DockerLizardRunner@29-29@/app/project/src/main/java/org/dxworks/metrixppLizardWrapper/DockerRunner/DockerLizardRunner.java","/app/project/src/main/java/org/dxworks/metrixppLizardWrapper/DockerRunner/DockerLizardRunner.java","DockerLizardRunner::DockerLizardRunner","DockerLizardRunner::DockerLizardRunner()",29,29
3,1,12,0,3,"DockerLizardRunner::getFileReader@32-34@/app/project/src/main/java/org/dxworks/metrixppLizardWrapper/DockerRunner/DockerLizardRunner.java","/app/project/src/main/java/org/dxworks/metrixppLizardWrapper/DockerRunner/DockerLizardRunner.java","DockerLizardRunner::getFileReader","DockerLizardRunner::getFileReader()",32,34
14,1,140,4,22,"DockerLizardRunner::runTool@37-58@/app/project/src/main/java/org/dxworks/metrixppLizardWrapper/DockerRunner/DockerLizardRunner.java","/app/project/src/main/java/org/dxworks/metrixppLizardWrapper/DockerRunner/DockerLizardRunner.java","DockerLizardRunner::runTool","DockerLizardRunner::runTool( Path projectPath , Path outputPath , String imageID , List<ConfigPair> configs)",37,58
6,2,26,0,6,"DockerMetrixppRunner::getInstance@22-27@/app/project/src/main/java/org/dxworks/metrixppLizardWrapper/DockerRunner/DockerMetrixppRunner.java","/app/project/src/main/java/org/dxworks/metrixppLizardWrapper/DockerRunner/DockerMetrixppRunner.java","DockerMetrixppRunner::getInstance","DockerMetrixppRunner::getInstance()",22,27
1,1,5,0,1,"DockerMetrixppRunner::DockerMetrixppRunner@29-29@/app/project/src/main/java/org/dxworks/metrixppLizardWrapper/DockerRunner/DockerMetrixppRunner.java","/app/project/src/main/java/org/dxworks/metrixppLizardWrapper/DockerRunner/DockerMetrixppRunner.java","DockerMetrixppRunner::DockerMetrixppRunner","DockerMetrixppRunner::DockerMetrixppRunner()",29,29
3,1,12,0,3,"DockerMetrixppRunner::getFileReader@32-34@/app/project/src/main/java/org/dxworks/metrixppLizardWrapper/DockerRunner/DockerMetrixppRunner.java","/app/project/src/main/java/org/dxworks/metrixppLizardWrapper/DockerRunner/DockerMetrixppRunner.java","DockerMetrixppRunner::getFileReader","DockerMetrixppRunner::getFileReader()",32,34
15,1,145,4,23,"DockerMetrixppRunner::runTool@37-59@/app/project/src/main/java/org/dxworks/metrixppLizardWrapper/DockerRunner/DockerMetrixppRunner.java","/app/project/src/main/java/org/dxworks/metrixppLizardWrapper/DockerRunner/DockerMetrixppRunner.java","DockerMetrixppRunner::runTool","DockerMetrixppRunner::runTool( Path projectPath , Path outputPath , String imageID , List<ConfigPair> configs)",37,59
4,1,47,4,5,"DockerRunner<A::getUnified@17-21@/app/project/src/main/java/org/dxworks/metrixppLizardWrapper/DockerRunner/DockerRunner.java","/app/project/src/main/java/org/dxworks/metrixppLizardWrapper/DockerRunner/DockerRunner.java","DockerRunner<A::getUnified","DockerRunner<A::getUnified( @ NonNull Path projectPath , @ NonNull Path outputPath , @ NonNull String imageID , List<ConfigPair> configs)",17,21
6,1,39,1,6,"DockerRunner<A::unifyResults@27-32@/app/project/src/main/java/org/dxworks/metrixppLizardWrapper/DockerRunner/DockerRunner.java","/app/project/src/main/java/org/dxworks/metrixppLizardWrapper/DockerRunner/DockerRunner.java","DockerRunner<A::unifyResults","DockerRunner<A::unifyResults( File file)",27,32
18,1,120,0,18,"LizardOutput::unify@51-68@/app/project/src/main/java/org/dxworks/metrixppLizardWrapper/Entity/LizardOutput.java","/app/project/src/main/java/org/dxworks/metrixppLizardWrapper/Entity/LizardOutput.java","LizardOutput::unify","LizardOutput::unify()",51,68
19,1,123,0,19,"MetrixppOutput::unify@57-75@/app/project/src/main/java/org/dxworks/metrixppLizardWrapper/Entity/MetrixppOutput.java","/app/project/src/main/java/org/dxworks/metrixppLizardWrapper/Entity/MetrixppOutput.java","MetrixppOutput::unify","MetrixppOutput::unify()",57,75
33,5,255,0,49,"AppRunner::bootstrap@19-67@/app/project/src/main/java/org/dxworks/metrixppLizardWrapper/Lib/AppRunner.java","/app/project/src/main/java/org/dxworks/metrixppLizardWrapper/Lib/AppRunner.java","AppRunner::bootstrap","AppRunner::bootstrap()",19,67
12,1,85,0,21,"AppRunner::init@69-89@/app/project/src/main/java/org/dxworks/metrixppLizardWrapper/Lib/AppRunner.java","/app/project/src/main/java/org/dxworks/metrixppLizardWrapper/Lib/AppRunner.java","AppRunner::init","AppRunner::init()",69,89
5,1,58,0,9,"AppRunner::runLizard@91-99@/app/project/src/main/java/org/dxworks/metrixppLizardWrapper/Lib/AppRunner.java","/app/project/src/main/java/org/dxworks/metrixppLizardWrapper/Lib/AppRunner.java","AppRunner::runLizard","AppRunner::runLizard()",91,99
5,1,58,0,9,"AppRunner::runMetrixpp@101-109@/app/project/src/main/java/org/dxworks/metrixppLizardWrapper/Lib/AppRunner.java","/app/project/src/main/java/org/dxworks/metrixppLizardWrapper/Lib/AppRunner.java","AppRunner::runMetrixpp","AppRunner::runMetrixpp()",101,109
5,1,61,3,7,"AppRunner::runTool@111-117@/app/project/src/main/java/org/dxworks/metrixppLizardWrapper/Lib/AppRunner.java","/app/project/src/main/java/org/dxworks/metrixppLizardWrapper/Lib/AppRunner.java","AppRunner::runTool","AppRunner::runTool( String image , List<ConfigPair> configPairs , DockerRunner<A> runner)",111,117
1,1,5,0,1,"ConsoleArgumentsList::ConsoleArgumentsList@24-24@/app/project/src/main/java/org/dxworks/metrixppLizardWrapper/Lib/ConsoleArgumentsList.java","/app/project/src/main/java/org/dxworks/metrixppLizardWrapper/Lib/ConsoleArgumentsList.java","ConsoleArgumentsList::ConsoleArgumentsList","ConsoleArgumentsList::ConsoleArgumentsList()",24,24
24,5,186,0,36,"ConsoleArgumentsList::getInstance@26-61@/app/project/src/main/java/org/dxworks/metrixppLizardWrapper/Lib/ConsoleArgumentsList.java","/app/project/src/main/java/org/dxworks/metrixppLizardWrapper/Lib/ConsoleArgumentsList.java","ConsoleArgumentsList::getInstance","ConsoleArgumentsList::getInstance()",26,61
1,1,5,0,1,"CSVFileReader::CSVFileReader@13-13@/app/project/src/main/java/org/dxworks/metrixppLizardWrapper/Reader/CSVFileReader.java","/app/project/src/main/java/org/dxworks/metrixppLizardWrapper/Reader/CSVFileReader.java","CSVFileReader::CSVFileReader","CSVFileReader::CSVFileReader()",13,13
7,1,44,2,9,"CSVFileReader::readCSV@15-23@/app/project/src/main/java/org/dxworks/metrixppLizardWrapper/Reader/CSVFileReader.java","/app/project/src/main/java/org/dxworks/metrixppLizardWrapper/Reader/CSVFileReader.java","CSVFileReader::readCSV","CSVFileReader::readCSV( File file , Class<A> aClass)",15,23
1,1,5,0,1,"LizardCSVFileReader::LizardCSVFileReader@11-11@/app/project/src/main/java/org/dxworks/metrixppLizardWrapper/Reader/LizardCSVFileReader.java","/app/project/src/main/java/org/dxworks/metrixppLizardWrapper/Reader/LizardCSVFileReader.java","LizardCSVFileReader::LizardCSVFileReader","LizardCSVFileReader::LizardCSVFileReader()",11,11
3,1,8,0,3,"LizardCSVFileReader::getInstance@15-17@/app/project/src/main/java/org/dxworks/metrixppLizardWrapper/Reader/LizardCSVFileReader.java","/app/project/src/main/java/org/dxworks/metrixppLizardWrapper/Reader/LizardCSVFileReader.java","LizardCSVFileReader::getInstance","LizardCSVFileReader::getInstance()",15,17
3,1,21,1,4,"LizardCSVFileReader::readFileCSV@19-22@/app/project/src/main/java/org/dxworks/metrixppLizardWrapper/Reader/LizardCSVFileReader.java","/app/project/src/main/java/org/dxworks/metrixppLizardWrapper/Reader/LizardCSVFileReader.java","LizardCSVFileReader::readFileCSV","LizardCSVFileReader::readFileCSV( File path)",19,22
1,1,5,0,1,"MetrixppCSVFileReader::MetrixppCSVFileReader@11-11@/app/project/src/main/java/org/dxworks/metrixppLizardWrapper/Reader/MetrixppCSVFileReader.java","/app/project/src/main/java/org/dxworks/metrixppLizardWrapper/Reader/MetrixppCSVFileReader.java","MetrixppCSVFileReader::MetrixppCSVFileReader","MetrixppCSVFileReader::MetrixppCSVFileReader()",11,11
3,1,8,0,3,"MetrixppCSVFileReader::getInstance@15-17@/app/project/src/main/java/org/dxworks/metrixppLizardWrapper/Reader/MetrixppCSVFileReader.java","/app/project/src/main/java/org/dxworks/metrixppLizardWrapper/Reader/MetrixppCSVFileReader.java","MetrixppCSVFileReader::getInstance","MetrixppCSVFileReader::getInstance()",15,17
3,1,21,1,4,"MetrixppCSVFileReader::readFileCSV@19-22@/app/project/src/main/java/org/dxworks/metrixppLizardWrapper/Reader/MetrixppCSVFileReader.java","/app/project/src/main/java/org/dxworks/metrixppLizardWrapper/Reader/MetrixppCSVFileReader.java","MetrixppCSVFileReader::readFileCSV","MetrixppCSVFileReader::readFileCSV( File path)",19,22
16,1,248,1,29,"Main::main@17-45@/app/project/src/main/java/org/dxworks/metrixppLizardWrapper/Main.java","/app/project/src/main/java/org/dxworks/metrixppLizardWrapper/Main.java","Main::main","Main::main( String [ ] args)",17,45
3,1,15,1,3,"MetrixppLizardWrapper::main@6-8@/app/project/src/main/java/org/dxworks/metrixppLizardWrapper/MetrixppLizardWrapper.java","/app/project/src/main/java/org/dxworks/metrixppLizardWrapper/MetrixppLizardWrapper.java","MetrixppLizardWrapper::main","MetrixppLizardWrapper::main( String [ ] args)",6,8
4,1,43,1,5,"TestConfig::main@10-14@/app/project/src/main/java/org/dxworks/metrixppLizardWrapper/TestConfig.java","/app/project/src/main/java/org/dxworks/metrixppLizardWrapper/TestConfig.java","TestConfig::main","TestConfig::main( String [ ] args)",10,14
