file,region,type,modified,line start,line end,std.code.complexity:cyclomatic,std.code.complexity:maxindent,std.code.lines:code,std.code.lines:preprocessor,std.code.lines:comments,std.code.mi:simple,std.code.member:globals
./src/main/java/org/dxworks/metrixppWrapper/Entity/MetrixppOutput.java,__global__,global,,1,176,,,5,0,0,1,
./src/main/java/org/dxworks/metrixppWrapper/Entity/MetrixppOutput.java,MetrixppOutput,class,,8,175,,,31,0,104,1,
./src/main/java/org/dxworks/metrixppWrapper/Entity/MetrixppOutput.java,toString,function,,157,174,0,1,18,0,0,1,
./src/main/java/org/dxworks/metrixppWrapper/Entity/MetrixppOutput.java,,file,,1,176,,,,,,,
./src/main/java/org/dxworks/metrixppWrapper/Main.java,__global__,global,,1,28,,,7,0,0,1,
./src/main/java/org/dxworks/metrixppWrapper/Main.java,Main,class,,11,27,,,2,0,0,1,
./src/main/java/org/dxworks/metrixppWrapper/Main.java,main,function,,12,26,0,1,10,0,0,1,
./src/main/java/org/dxworks/metrixppWrapper/Main.java,,file,,1,28,,,,,,,
./src/main/java/org/dxworks/metrixppWrapper/dockerRunner/DockerRunner.java,__global__,global,,1,30,,,5,0,0,1,
./src/main/java/org/dxworks/metrixppWrapper/dockerRunner/DockerRunner.java,DockerRunner,class,,8,29,,,2,0,0,1,
./src/main/java/org/dxworks/metrixppWrapper/dockerRunner/DockerRunner.java,execute,function,,10,27,2,3,14,0,4,1,
./src/main/java/org/dxworks/metrixppWrapper/dockerRunner/DockerRunner.java,,file,,1,30,,,,,,,
